<?xml version="1.0" encoding="utf-8"?><!-- Copyright (c) Microsoft Corporation.  All rights reserved. --><GroupPolicyBackupScheme bkp:version="2.0" bkp:type="GroupPolicyBackupTemplate" xmlns:bkp="http://www.microsoft.com/GroupPolicy/GPOOperations" xmlns="http://www.microsoft.com/GroupPolicy/GPOOperations">
    <GroupPolicyObject><SecurityGroups><Group bkp:Source="FromDACL"><Sid><![CDATA[S-1-5-21-583907252-1580436667-1708537768-519]]></Sid><SamAccountName><![CDATA[Enterprise Admins]]></SamAccountName><Type><![CDATA[UniversalGroup]]></Type><NetBIOSDomainName><![CDATA[BRAINGEARS]]></NetBIOSDomainName><DnsDomainName><![CDATA[braingears.com]]></DnsDomainName><UPN><![CDATA[Enterprise Admins@braingears.com]]></UPN></Group><Group bkp:Source="FromDACL"><Sid><![CDATA[S-1-5-21-583907252-1580436667-1708537768-512]]></Sid><SamAccountName><![CDATA[Domain Admins]]></SamAccountName><Type><![CDATA[GlobalGroup]]></Type><NetBIOSDomainName><![CDATA[BRAINGEARS]]></NetBIOSDomainName><DnsDomainName><![CDATA[braingears.com]]></DnsDomainName><UPN><![CDATA[Domain Admins@braingears.com]]></UPN></Group></SecurityGroups><FilePaths/><GroupPolicyCoreSettings><ID><![CDATA[{FAC16F45-90E2-4AC0-BE6C-2A1CD9F4D679}]]></ID><Domain><![CDATA[braingears.com]]></Domain><SecurityDescriptor>01 00 04 9c 00 00 00 00 00 00 00 00 00 00 00 00 14 00 00 00 04 00 ec 00 08 00 00 00 05 02 28 00 00 01 00 00 01 00 00 00 8f fd ac ed b3 ff d1 11 b4 1d 00 a0 c9 68 f9 39 01 01 00 00 00 00 00 05 0b 00 00 00 00 00 24 00 ff 00 0f 00 01 05 00 00 00 00 00 05 15 00 00 00 b4 b7 cd 22 bb 8c 33 5e a8 37 d6 65 00 02 00 00 00 02 24 00 ff 00 0f 00 01 05 00 00 00 00 00 05 15 00 00 00 b4 b7 cd 22 bb 8c 33 5e a8 37 d6 65 00 02 00 00 00 02 24 00 ff 00 0f 00 01 05 00 00 00 00 00 05 15 00 00 00 b4 b7 cd 22 bb 8c 33 5e a8 37 d6 65 07 02 00 00 00 02 14 00 94 00 02 00 01 01 00 00 00 00 00 05 09 00 00 00 00 02 14 00 94 00 02 00 01 01 00 00 00 00 00 05 0b 00 00 00 00 02 14 00 ff 00 0f 00 01 01 00 00 00 00 00 05 12 00 00 00 00 0a 14 00 ff 00 0f 00 01 01 00 00 00 00 00 03 00 00 00 00</SecurityDescriptor><DisplayName><![CDATA[CW Automate Agent Deployment]]></DisplayName><Options><![CDATA[1]]></Options><UserVersionNumber><![CDATA[131074]]></UserVersionNumber><MachineVersionNumber><![CDATA[131074]]></MachineVersionNumber><MachineExtensionGuids><![CDATA[[{42B5FAAE-6536-11D2-AE5A-0000F87571E3}{40B6664F-4972-11D1-A7CA-0000F87571E3}]]]></MachineExtensionGuids><UserExtensionGuids/><WMIFilter/></GroupPolicyCoreSettings> 
        <GroupPolicyExtension bkp:ID="{35378EAC-683F-11D2-A89A-00C04FBBCFA2}" bkp:DescName="Registry">
            
            
            <FSObjectFile bkp:Path="%GPO_FSPATH%\Adm\*.*" bkp:SourceExpandedPath="\\Crankshaft.braingears.com\sysvol\braingears.com\Policies\{FAC16F45-90E2-4AC0-BE6C-2A1CD9F4D679}\Adm\*.*"/>
        </GroupPolicyExtension>
        
        
        <GroupPolicyExtension bkp:ID="{42B5FAAE-6536-11d2-AE5A-0000F87571E3}" bkp:DescName="Scripts">
            <FSObjectFile bkp:Path="%GPO_MACH_FSPATH%\Scripts\scripts.ini" bkp:SourceExpandedPath="\\Crankshaft.braingears.com\sysvol\braingears.com\Policies\{FAC16F45-90E2-4AC0-BE6C-2A1CD9F4D679}\Machine\Scripts\scripts.ini" bkp:ReEvaluateFunction="ScriptsValidatePaths" bkp:Location="DomainSysvol\GPO\Machine\Scripts\scripts.ini"/>
	    <FSObjectFile bkp:Path="%GPO_MACH_FSPATH%\Scripts\PSscripts.ini" bkp:SourceExpandedPath="\\Crankshaft.braingears.com\sysvol\braingears.com\Policies\{FAC16F45-90E2-4AC0-BE6C-2A1CD9F4D679}\Machine\Scripts\PSscripts.ini" bkp:Location="DomainSysvol\GPO\Machine\Scripts\PSscripts.ini"/>
            <FSObjectDir bkp:Path="%GPO_MACH_FSPATH%\Scripts\Startup\*" bkp:SourceExpandedPath="\\Crankshaft.braingears.com\sysvol\braingears.com\Policies\{FAC16F45-90E2-4AC0-BE6C-2A1CD9F4D679}\Machine\Scripts\Startup\*"><FSObjectDir bkp:Path="%GPO_MACH_FSPATH%\Scripts\Startup" bkp:SourceExpandedPath="\\Crankshaft.braingears.com\sysvol\braingears.com\Policies\{FAC16F45-90E2-4AC0-BE6C-2A1CD9F4D679}\Machine\Scripts\Startup" bkp:Location="DomainSysvol\GPO\Machine\Scripts\Startup"/></FSObjectDir>
            <FSObjectFile bkp:Path="%GPO_MACH_FSPATH%\Scripts\Startup\*" bkp:SourceExpandedPath="\\Crankshaft.braingears.com\sysvol\braingears.com\Policies\{FAC16F45-90E2-4AC0-BE6C-2A1CD9F4D679}\Machine\Scripts\Startup\*"><FSObjectFile bkp:Path="%GPO_MACH_FSPATH%\Scripts\Startup\CWAutomateDeploy.bat" bkp:SourceExpandedPath="\\Crankshaft.braingears.com\sysvol\braingears.com\Policies\{FAC16F45-90E2-4AC0-BE6C-2A1CD9F4D679}\Machine\Scripts\Startup\CWAutomateDeploy.bat" bkp:Location="DomainSysvol\GPO\Machine\Scripts\Startup\CWAutomateDeploy.bat"/></FSObjectFile>
            <FSObjectDir bkp:Path="%GPO_MACH_FSPATH%\Scripts\Shutdown\*" bkp:SourceExpandedPath="\\Crankshaft.braingears.com\sysvol\braingears.com\Policies\{FAC16F45-90E2-4AC0-BE6C-2A1CD9F4D679}\Machine\Scripts\Shutdown\*"><FSObjectDir bkp:Path="%GPO_MACH_FSPATH%\Scripts\Shutdown" bkp:SourceExpandedPath="\\Crankshaft.braingears.com\sysvol\braingears.com\Policies\{FAC16F45-90E2-4AC0-BE6C-2A1CD9F4D679}\Machine\Scripts\Shutdown" bkp:Location="DomainSysvol\GPO\Machine\Scripts\Shutdown"/></FSObjectDir>
            <FSObjectFile bkp:Path="%GPO_MACH_FSPATH%\Scripts\Shutdown\*" bkp:SourceExpandedPath="\\Crankshaft.braingears.com\sysvol\braingears.com\Policies\{FAC16F45-90E2-4AC0-BE6C-2A1CD9F4D679}\Machine\Scripts\Shutdown\*"/>
            
	    
            <FSObjectDir bkp:Path="%GPO_USER_FSPATH%\Scripts\Logon\*" bkp:SourceExpandedPath="\\Crankshaft.braingears.com\sysvol\braingears.com\Policies\{FAC16F45-90E2-4AC0-BE6C-2A1CD9F4D679}\User\Scripts\Logon\*"/>
            <FSObjectFile bkp:Path="%GPO_USER_FSPATH%\Scripts\Logon\*" bkp:SourceExpandedPath="\\Crankshaft.braingears.com\sysvol\braingears.com\Policies\{FAC16F45-90E2-4AC0-BE6C-2A1CD9F4D679}\User\Scripts\Logon\*"/>
            <FSObjectDir bkp:Path="%GPO_USER_FSPATH%\Scripts\Logoff\*" bkp:SourceExpandedPath="\\Crankshaft.braingears.com\sysvol\braingears.com\Policies\{FAC16F45-90E2-4AC0-BE6C-2A1CD9F4D679}\User\Scripts\Logoff\*"/>
            <FSObjectFile bkp:Path="%GPO_USER_FSPATH%\Scripts\Logoff\*" bkp:SourceExpandedPath="\\Crankshaft.braingears.com\sysvol\braingears.com\Policies\{FAC16F45-90E2-4AC0-BE6C-2A1CD9F4D679}\User\Scripts\Logoff\*"/>
        </GroupPolicyExtension>
        
        
        
        
        
        
    <GroupPolicyExtension bkp:ID="{F15C46CD-82A0-4C2D-A210-5D0D3182A418}" bkp:DescName="Unknown Extension"><FSObjectDir bkp:Path="%GPO_MACH_FSPATH%\Scripts" bkp:SourceExpandedPath="\\Crankshaft.braingears.com\sysvol\braingears.com\Policies\{FAC16F45-90E2-4AC0-BE6C-2A1CD9F4D679}\Machine\Scripts" bkp:Location="DomainSysvol\GPO\Machine\Scripts"/></GroupPolicyExtension></GroupPolicyObject>
</GroupPolicyBackupScheme>